ds,y,daily_stars,repository
2023-01-01,0.0,0.0,scikit-learn/scikit-learn
2023-01-02,18.940369222659168,18.940369222659168,scikit-learn/scikit-learn
2023-01-03,42.54883468563244,23.608465462973278,scikit-learn/scikit-learn
2023-01-04,71.35923910743318,28.810404421800744,scikit-learn/scikit-learn
2023-01-05,89.75212987203064,18.392890764597453,scikit-learn/scikit-learn
2023-01-06,108.1521074077097,18.399977535679064,scikit-learn/scikit-learn
2023-01-07,131.49366470983105,23.34155730212134,scikit-learn/scikit-learn
2023-01-08,150.98552957397501,19.491864864143956,scikit-learn/scikit-learn
2023-01-09,168.00769563022453,17.022166056249525,scikit-learn/scikit-learn
2023-01-10,191.05393247664463,23.046236846420108,scikit-learn/scikit-learn
2023-01-11,208.12506489268588,17.071132416041245,scikit-learn/scikit-learn
2023-01-12,225.18892627131717,17.063861378631287,scikit-learn/scikit-learn
2023-01-13,246.47203952755154,21.283113256234373,scikit-learn/scikit-learn
2023-01-14,253.23727269528743,6.765233167735898,scikit-learn/scikit-learn
2023-01-15,260.9027894824451,7.665516787157674,scikit-learn/scikit-learn
2023-01-16,277.4171555524156,16.514366069970468,scikit-learn/scikit-learn
2023-01-17,291.25171042400865,13.834554871593095,scikit-learn/scikit-learn
2023-01-18,313.00641093556,21.75470051155135,scikit-learn/scikit-learn
2023-01-19,327.47680402589333,14.470393090333342,scikit-learn/scikit-learn
2023-01-20,338.94281277677584,11.466008750882532,scikit-learn/scikit-learn
2023-01-21,361.86638643865194,22.923573661876116,scikit-learn/scikit-learn
2023-01-22,376.71607348295845,14.849687044306503,scikit-learn/scikit-learn
2023-01-23,397.037872746758,20.321799263799562,scikit-learn/scikit-learn
2023-01-24,408.44692966949805,11.409056922740024,scikit-learn/scikit-learn
2023-01-25,425.1249320270129,16.678002357514856,scikit-learn/scikit-learn
2023-01-26,445.72950518799615,20.60457316098323,scikit-learn/scikit-learn
2023-01-27,458.7898779698065,13.060372781810369,scikit-learn/scikit-learn
2023-01-28,476.5542025896723,17.76432461986576,scikit-learn/scikit-learn
2023-01-29,489.6473573862685,13.093154796596219,scikit-learn/scikit-learn
2023-01-30,507.8710323991236,18.22367501285511,scikit-learn/scikit-learn
2023-01-31,524.2435159756844,16.372483576560903,scikit-learn/scikit-learn
2023-02-01,555.3361983188016,31.092682343117183,scikit-learn/scikit-learn
2023-02-02,575.2493433340244,19.91314501522281,scikit-learn/scikit-learn
2023-02-03,588.904239864756,13.65489653073164,scikit-learn/scikit-learn
2023-02-04,608.8617342539081,19.95749438915214,scikit-learn/scikit-learn
2023-02-05,619.0102562539266,10.148522000018437,scikit-learn/scikit-learn
2023-02-06,640.289486634901,21.279230380974358,scikit-learn/scikit-learn
2023-02-07,648.5447034056937,8.255216770792645,scikit-learn/scikit-learn
2023-02-08,660.5994890970505,12.054785691356914,scikit-learn/scikit-learn
2023-02-09,681.8308023735331,21.231313276482474,scikit-learn/scikit-learn
2023-02-10,706.3287468166528,24.497944443119742,scikit-learn/scikit-learn
2023-02-11,723.2039594115673,16.875212594914498,scikit-learn/scikit-learn
2023-02-12,738.7030685906276,15.499109179060229,scikit-learn/scikit-learn
2023-02-13,756.9672539728023,18.26418538217463,scikit-learn/scikit-learn
2023-02-14,768.1436803588283,11.176426386026032,scikit-learn/scikit-learn
2023-02-15,783.897610549381,15.753930190552788,scikit-learn/scikit-learn
2023-02-16,801.220593273748,17.322982724366963,scikit-learn/scikit-learn
2023-02-17,827.7060707085532,26.485477434805112,scikit-learn/scikit-learn
2023-02-18,845.4578187041171,17.751747995564006,scikit-learn/scikit-learn
2023-02-19,853.0418296743212,7.584010970204071,scikit-learn/scikit-learn
2023-02-20,875.1304066158011,22.08857694147992,scikit-learn/scikit-learn
2023-02-21,892.9428166985408,17.812410082739667,scikit-learn/scikit-learn
2023-02-22,908.9981212354045,16.05530453686368,scikit-learn/scikit-learn
2023-02-23,932.8507522880076,23.852631052603087,scikit-learn/scikit-learn
2023-02-24,959.2487562694312,26.398003981423624,scikit-learn/scikit-learn
2023-02-25,979.8924726833425,20.643716413911285,scikit-learn/scikit-learn
2023-02-26,991.9703281403641,12.07785545702166,scikit-learn/scikit-learn
2023-02-27,1010.2828174408346,18.312489300470478,scikit-learn/scikit-learn
2023-02-28,1032.48212460696,22.19930716612549,scikit-learn/scikit-learn
2023-03-01,1058.5942649576132,26.112140350653135,scikit-learn/scikit-learn
2023-03-02,1075.8972648648491,17.30299990723592,scikit-learn/scikit-learn
2023-03-03,1094.9869174308521,19.089652566003,scikit-learn/scikit-learn
2023-03-04,1105.7958576001424,10.808940169290183,scikit-learn/scikit-learn
2023-03-05,1116.172539139279,10.376681539136703,scikit-learn/scikit-learn
2023-03-06,1141.3445420893229,25.172002950043915,scikit-learn/scikit-learn
2023-03-07,1169.828580626884,28.48403853756121,scikit-learn/scikit-learn
2023-03-08,1189.645086143396,19.816505516511896,scikit-learn/scikit-learn
2023-03-09,1216.0068374314812,26.36175128808532,scikit-learn/scikit-learn
2023-03-10,1238.4753370981612,22.468499666679836,scikit-learn/scikit-learn
2023-03-11,1251.5575734221818,13.082236324020682,scikit-learn/scikit-learn
2023-03-12,1269.5448661485827,17.98729272640088,scikit-learn/scikit-learn
2023-03-13,1299.2006455253002,29.655779376717376,scikit-learn/scikit-learn
2023-03-14,1319.2827396958078,20.082094170507634,scikit-learn/scikit-learn
2023-03-15,1349.1231627131453,29.84042301733756,scikit-learn/scikit-learn
2023-03-16,1353.4722779299736,4.349115216828235,scikit-learn/scikit-learn
2023-03-17,1378.8068698952088,25.334591965235248,scikit-learn/scikit-learn
2023-03-18,1395.4965354108622,16.689665515653438,scikit-learn/scikit-learn
2023-03-19,1410.3080837441535,14.81154833329132,scikit-learn/scikit-learn
2023-03-20,1431.214796223608,20.90671247945441,scikit-learn/scikit-learn
2023-03-21,1439.4324394060682,8.217643182460382,scikit-learn/scikit-learn
2023-03-22,1458.4526196382853,19.020180232217175,scikit-learn/scikit-learn
2023-03-23,1481.0047245463227,22.552104908037357,scikit-learn/scikit-learn
2023-03-24,1510.4170336876189,29.412309141296223,scikit-learn/scikit-learn
2023-03-25,1524.189647307567,13.772613619948032,scikit-learn/scikit-learn
2023-03-26,1536.5470455689176,12.357398261350664,scikit-learn/scikit-learn
2023-03-27,1553.8769636058064,17.329918036888824,scikit-learn/scikit-learn
2023-03-28,1579.8901128483994,26.013149242593087,scikit-learn/scikit-learn
2023-03-29,1602.3199746144398,22.429861766040382,scikit-learn/scikit-learn
2023-03-30,1619.4980748342466,17.1781002198068,scikit-learn/scikit-learn
2023-03-31,1643.0759876577013,23.57791282345471,scikit-learn/scikit-learn
2023-04-01,1659.9038663560477,16.827878698346577,scikit-learn/scikit-learn
2023-04-02,1681.0152379316626,21.111371575614825,scikit-learn/scikit-learn
2023-04-03,1697.1621823274752,16.14694439581271,scikit-learn/scikit-learn
2023-04-04,1715.6135989080408,18.451416580565656,scikit-learn/scikit-learn
2023-04-05,1733.6762512067187,18.06265229867785,scikit-learn/scikit-learn
2023-04-06,1791.1127128131748,57.43646160645608,scikit-learn/scikit-learn
2023-04-07,1858.0311442050988,66.91843139192409,scikit-learn/scikit-learn
2023-04-08,1893.3895975475425,35.3584533424437,scikit-learn/scikit-learn
2023-04-09,1918.0294982579674,24.639900710424868,scikit-learn/scikit-learn
2023-04-10,1941.86225441502,23.832756157052806,scikit-learn/scikit-learn
2023-04-11,1955.1434112312224,13.281156816202277,scikit-learn/scikit-learn
2023-04-12,1973.0784458212595,17.93503459003697,scikit-learn/scikit-learn
2023-04-13,1991.5003412436631,18.42189542240373,scikit-learn/scikit-learn
2023-04-14,2007.0973033380003,15.596962094337275,scikit-learn/scikit-learn
2023-04-15,2022.7407677257956,15.643464387795357,scikit-learn/scikit-learn
2023-04-16,2041.1792845451703,18.43851681937464,scikit-learn/scikit-learn
2023-04-17,2073.379869088473,32.20058454330267,scikit-learn/scikit-learn
2023-04-18,2095.02931761712,21.649448528647216,scikit-learn/scikit-learn
2023-04-19,2117.1992616561,22.16994403898026,scikit-learn/scikit-learn
2023-04-20,2137.3271220895235,20.12786043342317,scikit-learn/scikit-learn
2023-04-21,2146.067199495703,8.740077406179243,scikit-learn/scikit-learn
2023-04-22,2162.418741993631,16.35154249792801,scikit-learn/scikit-learn
2023-04-23,2179.2055927436195,16.786850749988382,scikit-learn/scikit-learn
2023-04-24,2215.0614202544843,35.85582751086469,scikit-learn/scikit-learn
2023-04-25,2234.497889414309,19.436469159824608,scikit-learn/scikit-learn
2023-04-26,2256.9992312196155,22.501341805306403,scikit-learn/scikit-learn
2023-04-27,2277.4267563053504,20.427525085734942,scikit-learn/scikit-learn
2023-04-28,2290.83701042242,13.410254117069485,scikit-learn/scikit-learn
2023-04-29,2313.029625221821,22.19261479940065,scikit-learn/scikit-learn
2023-04-30,2333.291919847066,20.262294625245037,scikit-learn/scikit-learn
2023-05-01,2358.8719106060894,25.579990759023346,scikit-learn/scikit-learn
2023-05-02,2373.911333807418,15.03942320132856,scikit-learn/scikit-learn
2023-05-03,2403.3079038740884,29.39657006667061,scikit-learn/scikit-learn
2023-05-04,2415.3009357700303,11.993031895941861,scikit-learn/scikit-learn
2023-05-05,2439.6515784014805,24.350642631450327,scikit-learn/scikit-learn
2023-05-06,2467.1112493302276,27.459670928746927,scikit-learn/scikit-learn
2023-05-07,2478.7621074095928,11.650858079365161,scikit-learn/scikit-learn
2023-05-08,2495.969418572034,17.207311162441293,scikit-learn/scikit-learn
2023-05-09,2517.3261670604224,21.356748488388238,scikit-learn/scikit-learn
2023-05-10,2534.9375256642397,17.611358603817465,scikit-learn/scikit-learn
2023-05-11,2546.036023423506,11.098497759266266,scikit-learn/scikit-learn
2023-05-12,2567.223505055277,21.187481631771398,scikit-learn/scikit-learn
2023-05-13,2578.5432346653442,11.319729610066942,scikit-learn/scikit-learn
2023-05-14,2597.5257020899103,18.982467424566188,scikit-learn/scikit-learn
2023-05-15,2612.5770079279073,15.051305837997148,scikit-learn/scikit-learn
2023-05-16,2643.0369312438042,30.45992331589685,scikit-learn/scikit-learn
2023-05-17,2658.949382342907,15.912451099102977,scikit-learn/scikit-learn
2023-05-18,2677.7468016855937,18.797419342686464,scikit-learn/scikit-learn
2023-05-19,2703.6427401868013,25.895938501207414,scikit-learn/scikit-learn
2023-05-20,2714.150203033905,10.50746284710375,scikit-learn/scikit-learn
2023-05-21,2731.9526630613,17.80246002739483,scikit-learn/scikit-learn
2023-05-22,2760.9642049978565,29.011541936556558,scikit-learn/scikit-learn
2023-05-23,2771.7580541651673,10.7938491673109,scikit-learn/scikit-learn
2023-05-24,2793.768561790566,22.010507625398755,scikit-learn/scikit-learn
2023-05-25,2816.2584146786153,22.48985288804955,scikit-learn/scikit-learn
2023-05-26,2842.0248654277057,25.76645074909061,scikit-learn/scikit-learn
2023-05-27,2852.5298111665206,10.504945738815133,scikit-learn/scikit-learn
2023-05-28,2862.6201427976016,10.090331631081126,scikit-learn/scikit-learn
2023-05-29,2886.7869138228525,24.166771025250952,scikit-learn/scikit-learn
2023-05-30,2909.5521912358163,22.765277412963787,scikit-learn/scikit-learn
2023-05-31,2932.0344641680153,22.482272932199006,scikit-learn/scikit-learn
2023-06-01,2955.1274620086424,23.092997840627163,scikit-learn/scikit-learn
2023-06-02,2971.785008934009,16.657546925366557,scikit-learn/scikit-learn
2023-06-03,2989.6996993573957,17.914690423386627,scikit-learn/scikit-learn
2023-06-04,3007.926887160049,18.227187802653333,scikit-learn/scikit-learn
2023-06-05,3024.387681161418,16.46079400136943,scikit-learn/scikit-learn
2023-06-06,3057.0774693828794,32.68978822146115,scikit-learn/scikit-learn
2023-06-07,3081.0244147769245,23.946945394044945,scikit-learn/scikit-learn
2023-06-08,3094.502828961804,13.478414184879727,scikit-learn/scikit-learn
2023-06-09,3119.61815800146,25.115329039656018,scikit-learn/scikit-learn
2023-06-10,3131.500363994685,11.882205993224987,scikit-learn/scikit-learn
2023-06-11,3152.2657275883885,20.76536359370375,scikit-learn/scikit-learn
2023-06-12,3180.573530222422,28.307802634033713,scikit-learn/scikit-learn
2023-06-13,3196.414087566015,15.840557343593053,scikit-learn/scikit-learn
2023-06-14,3223.5122145595296,27.09812699351446,scikit-learn/scikit-learn
2023-06-15,3247.146871652315,23.634657092785233,scikit-learn/scikit-learn
2023-06-16,3273.373679957797,26.226808305481836,scikit-learn/scikit-learn
2023-06-17,3299.791711355468,26.418031397671193,scikit-learn/scikit-learn
2023-06-18,3315.3952414042724,15.603530048804096,scikit-learn/scikit-learn
2023-06-19,3331.6949627474023,16.29972134312982,scikit-learn/scikit-learn
2023-06-20,3347.142608751316,15.44764600391364,scikit-learn/scikit-learn
2023-06-21,3363.062193841967,15.919585090651132,scikit-learn/scikit-learn
2023-06-22,3383.6608353641927,20.59864152222541,scikit-learn/scikit-learn
2023-06-23,3406.914146664049,23.253311299856065,scikit-learn/scikit-learn
2023-06-24,3425.1973960489304,18.283249384881287,scikit-learn/scikit-learn
2023-06-25,3446.276664552016,21.07926850308558,scikit-learn/scikit-learn
2023-06-26,3467.4774883770397,21.200823825023747,scikit-learn/scikit-learn
2023-06-27,3497.8163786295863,30.338890252546815,scikit-learn/scikit-learn
2023-06-28,3517.272864398104,19.456485768517734,scikit-learn/scikit-learn
2023-06-29,3555.668779246804,38.39591484870015,scikit-learn/scikit-learn
2023-06-30,3580.789313455119,25.120534208314936,scikit-learn/scikit-learn
2023-07-01,3593.3634957619097,12.574182306790656,scikit-learn/scikit-learn
2023-07-02,3604.8566838291204,11.493188067210564,scikit-learn/scikit-learn
2023-07-03,3629.0962338795016,24.23955005038136,scikit-learn/scikit-learn
2023-07-04,3648.8589033850676,19.762669505565977,scikit-learn/scikit-learn
2023-07-05,3674.5887575062343,25.729854121166465,scikit-learn/scikit-learn
2023-07-06,3698.7972210979506,24.208463591716345,scikit-learn/scikit-learn
2023-07-07,3719.5407715313204,20.743550433369762,scikit-learn/scikit-learn
2023-07-08,3732.201207715942,12.660436184621759,scikit-learn/scikit-learn
2023-07-09,3741.4637088497075,9.262501133765621,scikit-learn/scikit-learn
2023-07-10,3759.8507886866696,18.38707983696219,scikit-learn/scikit-learn
2023-07-11,3786.5466881113607,26.69589942469099,scikit-learn/scikit-learn
2023-07-12,3809.1585736107754,22.611885499414676,scikit-learn/scikit-learn
2023-07-13,3822.4703022799667,13.31172866919134,scikit-learn/scikit-learn
2023-07-14,3844.8383927891077,22.368090509140924,scikit-learn/scikit-learn
2023-07-15,3863.822652971177,18.984260182069193,scikit-learn/scikit-learn
2023-07-16,3876.332340461535,12.509687490357848,scikit-learn/scikit-learn
2023-07-17,3898.6016898718535,22.26934941031865,scikit-learn/scikit-learn
2023-07-18,3920.269274953039,21.66758508118543,scikit-learn/scikit-learn
2023-07-19,3934.2681909207595,13.998915967720828,scikit-learn/scikit-learn
2023-07-20,3957.8676229881157,23.59943206735602,scikit-learn/scikit-learn
2023-07-21,3982.774392267744,24.906769279628254,scikit-learn/scikit-learn
2023-07-22,4005.3807282551106,22.606335987366432,scikit-learn/scikit-learn
2023-07-23,4027.845878675419,22.465150420308383,scikit-learn/scikit-learn
2023-07-24,4040.3685661244663,12.522687449047297,scikit-learn/scikit-learn
2023-07-25,4055.713534118968,15.34496799450172,scikit-learn/scikit-learn
2023-07-26,4080.3744936923636,24.660959573395814,scikit-learn/scikit-learn
2023-07-27,4105.036815570167,24.662321877803254,scikit-learn/scikit-learn
2023-07-28,4129.716600677928,24.67978510776112,scikit-learn/scikit-learn
2023-07-29,4166.598173042944,36.88157236501577,scikit-learn/scikit-learn
2023-07-30,4186.64372446064,20.04555141769672,scikit-learn/scikit-learn
2023-07-31,4215.335594061662,28.691869601021672,scikit-learn/scikit-learn
2023-08-01,4242.872221023701,27.536626962039417,scikit-learn/scikit-learn
2023-08-02,4268.474971400541,25.602750376840444,scikit-learn/scikit-learn
2023-08-03,4287.874079851825,19.399108451283865,scikit-learn/scikit-learn
2023-08-04,4314.188030050121,26.31395019829568,scikit-learn/scikit-learn
2023-08-05,4327.364511607942,13.176481557822033,scikit-learn/scikit-learn
2023-08-06,4343.30536074377,15.94084913582691,scikit-learn/scikit-learn
2023-08-07,4361.639000474911,18.333639731141716,scikit-learn/scikit-learn
2023-08-08,4383.6325541778015,21.993553702890395,scikit-learn/scikit-learn
2023-08-09,4420.018811099483,36.38625692168193,scikit-learn/scikit-learn
2023-08-10,4429.467302523813,9.448491424329134,scikit-learn/scikit-learn
2023-08-11,4455.382555668113,25.9152531443002,scikit-learn/scikit-learn
2023-08-12,4464.26050437073,8.877948702616942,scikit-learn/scikit-learn
2023-08-13,4479.030218899526,14.769714528795717,scikit-learn/scikit-learn
2023-08-14,4507.57422608798,28.544007188453822,scikit-learn/scikit-learn
2023-08-15,4529.512743481779,21.938517393799078,scikit-learn/scikit-learn
2023-08-16,4544.082698224494,14.569954742716083,scikit-learn/scikit-learn
2023-08-17,4561.000264145025,16.917565920530514,scikit-learn/scikit-learn
2023-08-18,4586.941461801537,25.9411976565128,scikit-learn/scikit-learn
2023-08-19,4600.40787454836,13.466412746822767,scikit-learn/scikit-learn
2023-08-20,4618.779653294379,18.371778746018883,scikit-learn/scikit-learn
2023-08-21,4640.647162948579,21.86750965419966,scikit-learn/scikit-learn
2023-08-22,4658.0093270875395,17.36216413896056,scikit-learn/scikit-learn
2023-08-23,4693.4839724609565,35.47464537341668,scikit-learn/scikit-learn
2023-08-24,4719.1884127458225,25.704440284865584,scikit-learn/scikit-learn
2023-08-25,4727.667603357275,8.479190611452443,scikit-learn/scikit-learn
2023-08-26,4745.9256694915,18.25806613422582,scikit-learn/scikit-learn
2023-08-27,4759.788953203917,13.863283712417214,scikit-learn/scikit-learn
2023-08-28,4786.950427692859,27.161474488942495,scikit-learn/scikit-learn
2023-08-29,4803.444046805803,16.493619112943655,scikit-learn/scikit-learn
2023-08-30,4824.345424623834,20.90137781803107,scikit-learn/scikit-learn
2023-08-31,4849.280723436639,24.93529881280513,scikit-learn/scikit-learn
2023-09-01,4876.570084033302,27.289360596662675,scikit-learn/scikit-learn
2023-09-02,4887.664174184917,11.094090151614877,scikit-learn/scikit-learn
2023-09-03,4903.267258954957,15.603084770039247,scikit-learn/scikit-learn
2023-09-04,4921.864756680725,18.597497725768203,scikit-learn/scikit-learn
2023-09-05,4939.308263126601,17.44350644587552,scikit-learn/scikit-learn
2023-09-06,4972.507664336548,33.199401209947226,scikit-learn/scikit-learn
2023-09-07,4996.857959567343,24.35029523079426,scikit-learn/scikit-learn
2023-09-08,5010.362420865528,13.504461298185815,scikit-learn/scikit-learn
2023-09-09,5032.532098371127,22.169677505599164,scikit-learn/scikit-learn
2023-09-10,5060.992894733428,28.460796362301252,scikit-learn/scikit-learn
2023-09-11,5089.473684726646,28.480789993217694,scikit-learn/scikit-learn
2023-09-12,5101.311780459192,11.838095732546641,scikit-learn/scikit-learn
2023-09-13,5119.912336021335,18.600555562143484,scikit-learn/scikit-learn
2023-09-14,5149.956785431548,30.044449410213243,scikit-learn/scikit-learn
2023-09-15,5167.111656756166,17.1548713246172,scikit-learn/scikit-learn
2023-09-16,5186.861691965173,19.7500352090076,scikit-learn/scikit-learn
2023-09-17,5208.349658166602,21.487966201429067,scikit-learn/scikit-learn
2023-09-18,5224.089909913233,15.740251746630982,scikit-learn/scikit-learn
2023-09-19,5245.511985229509,21.4220753162763,scikit-learn/scikit-learn
2023-09-20,5246.114645528597,0.6026602990878164,scikit-learn/scikit-learn
2023-09-21,5261.234654836324,15.12000930772675,scikit-learn/scikit-learn
2023-09-22,5281.416549647727,20.181894811403513,scikit-learn/scikit-learn
2023-09-23,5292.350547048143,10.933997400415832,scikit-learn/scikit-learn
2023-09-24,5318.394548524747,26.04400147660383,scikit-learn/scikit-learn
2023-09-25,5330.876455337583,12.481906812836566,scikit-learn/scikit-learn
2023-09-26,5349.85903084386,18.982575506276266,scikit-learn/scikit-learn
2023-09-27,5372.595105854506,22.73607501064659,scikit-learn/scikit-learn
2023-09-28,5403.944629081964,31.3495232274578,scikit-learn/scikit-learn
2023-09-29,5416.407942991354,12.463313909389313,scikit-learn/scikit-learn
2023-09-30,5440.044686831534,23.63674384018045,scikit-learn/scikit-learn
2023-10-01,5457.627496885978,17.58281005444433,scikit-learn/scikit-learn
2023-10-02,5473.09279480138,15.465297915401512,scikit-learn/scikit-learn
2023-10-03,5498.060585327624,24.967790526244496,scikit-learn/scikit-learn
2023-10-04,5521.306806559448,23.24622123182399,scikit-learn/scikit-learn
2023-10-05,5539.2999269262245,17.993120366776377,scikit-learn/scikit-learn
2023-10-06,5561.71254444112,22.412617514896002,scikit-learn/scikit-learn
2023-10-07,5577.250673450685,15.538129009564306,scikit-learn/scikit-learn
2023-10-08,5595.424894521764,18.17422107107885,scikit-learn/scikit-learn
2023-10-09,5621.768521800567,26.3436272788027,scikit-learn/scikit-learn
2023-10-10,5654.216010271746,32.44748847117935,scikit-learn/scikit-learn
2023-10-11,5668.043065988456,13.827055716709532,scikit-learn/scikit-learn
2023-10-12,5704.126022488226,36.08295649977063,scikit-learn/scikit-learn
2023-10-13,5713.246954938602,9.120932450375795,scikit-learn/scikit-learn
2023-10-14,5730.060599122442,16.813644183839614,scikit-learn/scikit-learn
2023-10-15,5750.793364430174,20.732765307731803,scikit-learn/scikit-learn
2023-10-16,5774.68745910466,23.89409467448583,scikit-learn/scikit-learn
2023-10-17,5792.614111870247,17.92665276558695,scikit-learn/scikit-learn
2023-10-18,5813.2904064558115,20.67629458556413,scikit-learn/scikit-learn
2023-10-19,5832.08909374599,18.798687290178712,scikit-learn/scikit-learn
2023-10-20,5850.256900009955,18.16780626396483,scikit-learn/scikit-learn
2023-10-21,5872.421479933057,22.164579923102085,scikit-learn/scikit-learn
2023-10-22,5891.9833677087045,19.561887775648195,scikit-learn/scikit-learn
2023-10-23,5909.485541287057,17.50217357835253,scikit-learn/scikit-learn
2023-10-24,5937.5544012957,28.068860008643536,scikit-learn/scikit-learn
2023-10-25,5961.704852172952,24.150450877252148,scikit-learn/scikit-learn
2023-10-26,5989.219447561326,27.51459538837345,scikit-learn/scikit-learn
2023-10-27,6015.528080857608,26.308633296281855,scikit-learn/scikit-learn
2023-10-28,6028.833432204885,13.305351347276686,scikit-learn/scikit-learn
2023-10-29,6043.572569653003,14.739137448117436,scikit-learn/scikit-learn
2023-10-30,6070.693229659417,27.12066000641394,scikit-learn/scikit-learn
2023-10-31,6096.913829901198,26.220600241781987,scikit-learn/scikit-learn
2023-11-01,6118.945646134495,22.031816233296716,scikit-learn/scikit-learn
2023-11-02,6141.905579506477,22.959933371981457,scikit-learn/scikit-learn
2023-11-03,6172.597800717563,30.692221211085762,scikit-learn/scikit-learn
2023-11-04,6187.203356775656,14.605556058093406,scikit-learn/scikit-learn
2023-11-05,6207.882535457225,20.67917868156807,scikit-learn/scikit-learn
2023-11-06,6228.748138776088,20.865603318863233,scikit-learn/scikit-learn
2023-11-07,6311.829254368812,83.08111559272392,scikit-learn/scikit-learn
2023-11-08,6385.723211519328,73.89395715051572,scikit-learn/scikit-learn
2023-11-09,6434.277120176981,48.55390865765252,scikit-learn/scikit-learn
2023-11-10,6472.331851173145,38.054730996163535,scikit-learn/scikit-learn
2023-11-11,6501.754634872681,29.42278369953583,scikit-learn/scikit-learn
2023-11-12,6521.358113233271,19.603478360589715,scikit-learn/scikit-learn
2023-11-13,6548.186829178098,26.82871594482744,scikit-learn/scikit-learn
2023-11-14,6568.393561204669,20.20673202657095,scikit-learn/scikit-learn
2023-11-15,6592.850250624488,24.456689419818623,scikit-learn/scikit-learn
2023-11-16,6614.277237779766,21.42698715527907,scikit-learn/scikit-learn
2023-11-17,6637.232337547882,22.955099768115435,scikit-learn/scikit-learn
2023-11-18,6658.271287049365,21.03894950148376,scikit-learn/scikit-learn
2023-11-19,6671.74603969638,13.474752647014904,scikit-learn/scikit-learn
2023-11-20,6708.095318638161,36.349278941781364,scikit-learn/scikit-learn
2023-11-21,6723.6929524631805,15.597633825019704,scikit-learn/scikit-learn
2023-11-22,6737.900823006819,14.20787054363892,scikit-learn/scikit-learn
2023-11-23,6768.02529090734,30.124467900520596,scikit-learn/scikit-learn
2023-11-24,6795.702475516,27.67718460866037,scikit-learn/scikit-learn
2023-11-25,6816.952975160527,21.25049964452646,scikit-learn/scikit-learn
2023-11-26,6838.234249491466,21.281274330938466,scikit-learn/scikit-learn
2023-11-27,6860.542914019251,22.308664527785798,scikit-learn/scikit-learn
2023-11-28,6876.912953970602,16.370039951351153,scikit-learn/scikit-learn
2023-11-29,6899.83049124801,22.91753727740765,scikit-learn/scikit-learn
2023-11-30,6917.693084608131,17.86259336012154,scikit-learn/scikit-learn
2023-12-01,6946.678180813949,28.985096205818113,scikit-learn/scikit-learn
2023-12-02,6963.833221527902,17.155040713953163,scikit-learn/scikit-learn
2023-12-03,6977.340645256638,13.50742372873553,scikit-learn/scikit-learn
2023-12-04,6997.626615207593,20.285969950955185,scikit-learn/scikit-learn
2023-12-05,7022.867922977202,25.241307769609598,scikit-learn/scikit-learn
2023-12-06,7041.535880754822,18.667957777618998,scikit-learn/scikit-learn
2023-12-07,7058.467934126352,16.93205337153022,scikit-learn/scikit-learn
2023-12-08,7082.5964060321,24.128471905748142,scikit-learn/scikit-learn
2023-12-09,7101.913425080253,19.317019048152513,scikit-learn/scikit-learn
2023-12-10,7117.177148357166,15.26372327691281,scikit-learn/scikit-learn
2023-12-11,7136.506522011981,19.329373654815566,scikit-learn/scikit-learn
2023-12-12,7160.593072528931,24.08655051694972,scikit-learn/scikit-learn
2023-12-13,7173.334031103418,12.740958574486855,scikit-learn/scikit-learn
2023-12-14,7186.3544589609855,13.020427857567524,scikit-learn/scikit-learn
2023-12-15,7204.039931339679,17.68547237869391,scikit-learn/scikit-learn
2023-12-16,7220.9271110723475,16.88717973266809,scikit-learn/scikit-learn
2023-12-17,7240.659990102816,19.732879030468137,scikit-learn/scikit-learn
2023-12-18,7273.22004504752,32.560054944704554,scikit-learn/scikit-learn
2023-12-19,7301.60840614161,28.388361094089905,scikit-learn/scikit-learn
2023-12-20,7323.11207168061,21.503665538999794,scikit-learn/scikit-learn
2023-12-21,7345.5791941033085,22.46712242269829,scikit-learn/scikit-learn
2023-12-22,7361.38527281561,15.806078712301366,scikit-learn/scikit-learn
2023-12-23,7379.375363616085,17.990090800476047,scikit-learn/scikit-learn
2023-12-24,7395.905608111584,16.530244495498543,scikit-learn/scikit-learn
2023-12-25,7420.726977889424,24.821369777840573,scikit-learn/scikit-learn
2023-12-26,7437.74766955011,17.020691660686182,scikit-learn/scikit-learn
2023-12-27,7463.92385238494,26.17618283482996,scikit-learn/scikit-learn
2023-12-28,7496.997869542789,33.0740171578495,scikit-learn/scikit-learn
2023-12-29,7518.923174036039,21.925304493250206,scikit-learn/scikit-learn
2023-12-30,7539.247877964145,20.32470392810596,scikit-learn/scikit-learn
2023-12-31,7561.15044113362,21.90256316947534,scikit-learn/scikit-learn
2024-01-01,7581.1099145806065,19.95947344698655,scikit-learn/scikit-learn
2024-01-02,7605.3352193710325,24.225304790426367,scikit-learn/scikit-learn
2024-01-03,7628.128912405122,22.793693034089202,scikit-learn/scikit-learn
2024-01-04,7651.511109156379,23.38219675125629,scikit-learn/scikit-learn
2024-01-05,7668.966245682705,17.455136526326935,scikit-learn/scikit-learn
2024-01-06,7687.287020581763,18.320774899056694,scikit-learn/scikit-learn
2024-01-07,7708.199143920819,20.912123339056453,scikit-learn/scikit-learn
2024-01-08,7740.854758884069,32.65561496325024,scikit-learn/scikit-learn
2024-01-09,7770.164315151978,29.309556267908725,scikit-learn/scikit-learn
2024-01-10,7807.640039468203,37.4757243162244,scikit-learn/scikit-learn
2024-01-11,7825.173702110656,17.5336626424534,scikit-learn/scikit-learn
2024-01-12,7853.92231800255,28.74861589189392,scikit-learn/scikit-learn
2024-01-13,7873.160794032785,19.23847603023488,scikit-learn/scikit-learn
2024-01-14,7903.387383632946,30.22658960016111,scikit-learn/scikit-learn
2024-01-15,7920.667466282497,17.28008264955169,scikit-learn/scikit-learn
2024-01-16,7937.738986468435,17.071520185937878,scikit-learn/scikit-learn
2024-01-17,7956.462937398697,18.723950930262237,scikit-learn/scikit-learn
2024-01-18,7964.749165339226,8.286227940528764,scikit-learn/scikit-learn
2024-01-19,7983.992054833033,19.24288949380635,scikit-learn/scikit-learn
2024-01-20,7998.112090503265,14.120035670231667,scikit-learn/scikit-learn
2024-01-21,8017.228332710025,19.116242206760298,scikit-learn/scikit-learn
2024-01-22,8042.445790704133,25.217457994108777,scikit-learn/scikit-learn
2024-01-23,8078.205567504034,35.759776799900266,scikit-learn/scikit-learn
2024-01-24,8107.621881609707,29.416314105673454,scikit-learn/scikit-learn
2024-01-25,8126.557318395981,18.935436786274632,scikit-learn/scikit-learn
2024-01-26,8143.2904747510165,16.733156355035,scikit-learn/scikit-learn
2024-01-27,8164.328671224365,21.038196473348535,scikit-learn/scikit-learn
2024-01-28,8175.404564824263,11.075893599897663,scikit-learn/scikit-learn
2024-01-29,8210.938332363668,35.53376753940496,scikit-learn/scikit-learn
2024-01-30,8241.998010084271,31.0596777206028,scikit-learn/scikit-learn
2024-01-31,8261.71839271714,19.720382632870432,scikit-learn/scikit-learn
2024-02-01,8272.8780722026,11.159679485459668,scikit-learn/scikit-learn
2024-02-02,8305.175090427874,32.2970182252747,scikit-learn/scikit-learn
2024-02-03,8322.925015182522,17.749924754647605,scikit-learn/scikit-learn
2024-02-04,8348.142039766628,25.217024584106948,scikit-learn/scikit-learn
2024-02-05,8360.13756976411,11.995529997481947,scikit-learn/scikit-learn
2024-02-06,8379.004459216705,18.866889452593654,scikit-learn/scikit-learn
2024-02-07,8402.052542732297,23.048083515592445,scikit-learn/scikit-learn
2024-02-08,8425.397627370772,23.34508463847536,scikit-learn/scikit-learn
2024-02-09,8445.317584976132,19.919957605360256,scikit-learn/scikit-learn
2024-02-10,8467.191917398886,21.874332422753877,scikit-learn/scikit-learn
2024-02-11,8479.724145324059,12.532227925172009,scikit-learn/scikit-learn
2024-02-12,8501.794989430764,22.070844106706318,scikit-learn/scikit-learn
2024-02-13,8525.691753667174,23.89676423640957,scikit-learn/scikit-learn
2024-02-14,8552.325837984336,26.634084317161182,scikit-learn/scikit-learn
2024-02-15,8580.335404497087,28.009566512752414,scikit-learn/scikit-learn
2024-02-16,8595.63547498106,15.300070483973238,scikit-learn/scikit-learn
2024-02-17,8605.610120669831,9.974645688771911,scikit-learn/scikit-learn
2024-02-18,8631.182697338318,25.572576668486338,scikit-learn/scikit-learn
2024-02-19,8656.604369010804,25.421671672486347,scikit-learn/scikit-learn
2024-02-20,8674.537380734762,17.933011723958195,scikit-learn/scikit-learn
2024-02-21,8708.43757859593,33.900197861166845,scikit-learn/scikit-learn
2024-02-22,8732.384110422972,23.946531827042925,scikit-learn/scikit-learn
2024-02-23,8763.7273009364,31.343190513428002,scikit-learn/scikit-learn
2024-02-24,8782.631406020822,18.904105084422813,scikit-learn/scikit-learn
2024-02-25,8812.626546415631,29.995140394809066,scikit-learn/scikit-learn
2024-02-26,8848.011047154732,35.38450073910121,scikit-learn/scikit-learn
2024-02-27,8869.466603690285,21.455556535553804,scikit-learn/scikit-learn
2024-02-28,8899.42385267006,29.95724897977465,scikit-learn/scikit-learn
2024-02-29,8927.121675753344,27.697823083285535,scikit-learn/scikit-learn
2024-03-01,8959.866888187744,32.74521243439922,scikit-learn/scikit-learn
2024-03-02,8973.06708117392,13.20019298617642,scikit-learn/scikit-learn
2024-03-03,8995.477398364877,22.410317190957958,scikit-learn/scikit-learn
2024-03-04,9026.097160685238,30.619762320361204,scikit-learn/scikit-learn
2024-03-05,9037.079553731548,10.982393046310571,scikit-learn/scikit-learn
2024-03-06,9052.081479296847,15.001925565297938,scikit-learn/scikit-learn
2024-03-07,9061.11436798829,9.03288869144257,scikit-learn/scikit-learn
2024-03-08,9082.508850038383,21.394482050092435,scikit-learn/scikit-learn
2024-03-09,9105.146290808976,22.637440770593134,scikit-learn/scikit-learn
2024-03-10,9132.17976788927,27.033477080294663,scikit-learn/scikit-learn
2024-03-11,9155.999953330866,23.82018544159477,scikit-learn/scikit-learn
2024-03-12,9190.70045248334,34.700499152474244,scikit-learn/scikit-learn
2024-03-13,9204.365219768897,13.664767285558506,scikit-learn/scikit-learn
2024-03-14,9215.772653591177,11.407433822279081,scikit-learn/scikit-learn
2024-03-15,9238.721400987957,22.948747396779982,scikit-learn/scikit-learn
2024-03-16,9259.550600407527,20.829199419569917,scikit-learn/scikit-learn
2024-03-17,9278.051651331198,18.501050923670427,scikit-learn/scikit-learn
2024-03-18,9286.924638060442,8.872986729244113,scikit-learn/scikit-learn
2024-03-19,9309.672880068067,22.74824200762545,scikit-learn/scikit-learn
2024-03-20,9323.904565675824,14.231685607757912,scikit-learn/scikit-learn
2024-03-21,9351.9947552178,28.090189541976077,scikit-learn/scikit-learn
2024-03-22,9377.968055406533,25.9733001887329,scikit-learn/scikit-learn
2024-03-23,9391.414684711175,13.446629304642311,scikit-learn/scikit-learn
2024-03-24,9407.260710409782,15.846025698607292,scikit-learn/scikit-learn
2024-03-25,9423.243102662494,15.982392252712742,scikit-learn/scikit-learn
2024-03-26,9446.237820159136,22.99471749664192,scikit-learn/scikit-learn
2024-03-27,9476.399907527553,30.16208736841704,scikit-learn/scikit-learn
2024-03-28,9492.917581669768,16.517674142214425,scikit-learn/scikit-learn
2024-03-29,9519.927497850624,27.009916180855083,scikit-learn/scikit-learn
2024-03-30,9535.717357225967,15.78985937534324,scikit-learn/scikit-learn
2024-03-31,9550.033330562579,14.315973336611526,scikit-learn/scikit-learn
2024-04-01,9572.767997484594,22.73466692201547,scikit-learn/scikit-learn
2024-04-02,9588.9680220104,16.200024525805166,scikit-learn/scikit-learn
2024-04-03,9608.570405455705,19.60238344530513,scikit-learn/scikit-learn
2024-04-04,9623.635399449424,15.064993993719593,scikit-learn/scikit-learn
2024-04-05,9661.025806775287,37.39040732586361,scikit-learn/scikit-learn
2024-04-06,9680.051806232326,19.025999457039397,scikit-learn/scikit-learn
2024-04-07,9694.932204044744,14.880397812418543,scikit-learn/scikit-learn
2024-04-08,9719.99548899607,25.063284951326736,scikit-learn/scikit-learn
2024-04-09,9742.761916629297,22.766427633227817,scikit-learn/scikit-learn
2024-04-10,9764.76881301262,22.006896383324598,scikit-learn/scikit-learn
2024-04-11,9792.69139632418,27.922583311560356,scikit-learn/scikit-learn
2024-04-12,9821.638896029031,28.94749970485089,scikit-learn/scikit-learn
2024-04-13,9837.511586129103,15.872690100071319,scikit-learn/scikit-learn
2024-04-14,9853.133575567124,15.621989438021481,scikit-learn/scikit-learn
2024-04-15,9874.799186117236,21.665610550110816,scikit-learn/scikit-learn
2024-04-16,9882.108737220467,7.309551103231445,scikit-learn/scikit-learn
2024-04-17,9894.998689825296,12.889952604828858,scikit-learn/scikit-learn
2024-04-18,9928.33407652266,33.33538669736416,scikit-learn/scikit-learn
2024-04-19,9963.655208472012,35.3211319493506,scikit-learn/scikit-learn
2024-04-20,9981.168375022697,17.51316655068458,scikit-learn/scikit-learn
2024-04-21,10003.377835967513,22.209460944816296,scikit-learn/scikit-learn
2024-04-22,10029.265708549909,25.88787258239623,scikit-learn/scikit-learn
2024-04-23,10074.829670162404,45.56396161249622,scikit-learn/scikit-learn
2024-04-24,10106.48320431672,31.653534154315896,scikit-learn/scikit-learn
2024-04-25,10129.277586532582,22.794382215861823,scikit-learn/scikit-learn
2024-04-26,10146.192994865043,16.915408332461663,scikit-learn/scikit-learn
2024-04-27,10156.024666660891,9.831671795847816,scikit-learn/scikit-learn
2024-04-28,10176.16833578609,20.143669125199267,scikit-learn/scikit-learn
2024-04-29,10194.521668901965,18.353333115876513,scikit-learn/scikit-learn
2024-04-30,10208.137596881803,13.615927979837746,scikit-learn/scikit-learn
2024-05-01,10227.287316108208,19.149719226405907,scikit-learn/scikit-learn
2024-05-02,10243.342875820823,16.055559712614738,scikit-learn/scikit-learn
2024-05-03,10279.153201547806,35.81032572698355,scikit-learn/scikit-learn
2024-05-04,10303.214178610926,24.06097706311984,scikit-learn/scikit-learn
2024-05-05,10322.204058253139,18.989879642212372,scikit-learn/scikit-learn
2024-05-06,10356.575627875027,34.37156962188705,scikit-learn/scikit-learn
2024-05-07,10380.940671742412,24.365043867384284,scikit-learn/scikit-learn
2024-05-08,10398.606970319279,17.666298576867757,scikit-learn/scikit-learn
2024-05-09,10433.326437609969,34.71946729068975,scikit-learn/scikit-learn
2024-05-10,10461.020145995562,27.69370838559436,scikit-learn/scikit-learn
2024-05-11,10474.16215711295,13.142011117387796,scikit-learn/scikit-learn
2024-05-12,10492.158410513879,17.996253400928406,scikit-learn/scikit-learn
2024-05-13,10509.755668659145,17.59725814526633,scikit-learn/scikit-learn
2024-05-14,10523.726810692058,13.971142032913276,scikit-learn/scikit-learn
2024-05-15,10554.248123077014,30.52131238495613,scikit-learn/scikit-learn
2024-05-16,10591.82906138555,37.58093830853625,scikit-learn/scikit-learn
2024-05-17,10605.7030669994,13.874005613850585,scikit-learn/scikit-learn
2024-05-18,10628.063547691963,22.360480692563655,scikit-learn/scikit-learn
2024-05-19,10643.465085107428,15.40153741546344,scikit-learn/scikit-learn
2024-05-20,10663.898224701916,20.43313959448814,scikit-learn/scikit-learn
2024-05-21,10683.583110991987,19.68488629007118,scikit-learn/scikit-learn
2024-05-22,10701.324181346146,17.74107035415873,scikit-learn/scikit-learn
2024-05-23,10725.63045898263,24.306277636483753,scikit-learn/scikit-learn
2024-05-24,10743.622577182898,17.99211820026748,scikit-learn/scikit-learn
2024-05-25,10764.359435455963,20.73685827306506,scikit-learn/scikit-learn
2024-05-26,10783.258136034567,18.89870057860353,scikit-learn/scikit-learn
2024-05-27,10805.532118116063,22.273982081497387,scikit-learn/scikit-learn
2024-05-28,10822.999911288976,17.467793172913414,scikit-learn/scikit-learn
2024-05-29,10842.85725920767,19.8573479186935,scikit-learn/scikit-learn
2024-05-30,10872.322251723504,29.464992515834,scikit-learn/scikit-learn
2024-05-31,10899.963901878822,27.641650155316874,scikit-learn/scikit-learn
2024-06-01,10913.555572657013,13.591670778191101,scikit-learn/scikit-learn
2024-06-02,10933.36787612995,19.812303472937693,scikit-learn/scikit-learn
2024-06-03,10962.84878191285,29.480905782899416,scikit-learn/scikit-learn
2024-06-04,11034.9311883599,72.08240644705087,scikit-learn/scikit-learn
2024-06-05,11132.933878452966,98.00269009306525,scikit-learn/scikit-learn
2024-06-06,11176.35316326152,43.41928480855289,scikit-learn/scikit-learn
2024-06-07,11222.20894425997,45.85578099845048,scikit-learn/scikit-learn
2024-06-08,11241.722591167012,19.5136469070426,scikit-learn/scikit-learn
2024-06-09,11251.949910233618,10.227319066605402,scikit-learn/scikit-learn
2024-06-10,11264.294005887818,12.344095654200306,scikit-learn/scikit-learn
2024-06-11,11288.773215042793,24.47920915497481,scikit-learn/scikit-learn
2024-06-12,11314.794423000172,26.02120795737921,scikit-learn/scikit-learn
2024-06-13,11332.392247821168,17.59782482099563,scikit-learn/scikit-learn
2024-06-14,11361.179128953485,28.786881132317195,scikit-learn/scikit-learn
2024-06-15,11370.876103251512,9.696974298027305,scikit-learn/scikit-learn
2024-06-16,11389.834268878929,18.958165627417024,scikit-learn/scikit-learn
2024-06-17,11405.233490540142,15.39922166121392,scikit-learn/scikit-learn
2024-06-18,11424.69743437547,19.463943835328305,scikit-learn/scikit-learn
2024-06-19,11449.246176077537,24.5487417020666,scikit-learn/scikit-learn
2024-06-20,11467.20978341167,17.963607334133574,scikit-learn/scikit-learn
2024-06-21,11488.638222610882,21.42843919921088,scikit-learn/scikit-learn
2024-06-22,11513.876272632648,25.238050021766497,scikit-learn/scikit-learn
2024-06-23,11529.913055709945,16.036783077296874,scikit-learn/scikit-learn
2024-06-24,11560.243448871392,30.330393161446004,scikit-learn/scikit-learn
2024-06-25,11576.281311043433,16.037862172041937,scikit-learn/scikit-learn
2024-06-26,11604.40767956111,28.126368517677452,scikit-learn/scikit-learn
2024-06-27,11639.185547511765,34.777867950653956,scikit-learn/scikit-learn
2024-06-28,11645.464019503615,6.278471991850069,scikit-learn/scikit-learn
2024-06-29,11660.254515840643,14.790496337027284,scikit-learn/scikit-learn
2024-06-30,11683.065565770585,22.811049929942712,scikit-learn/scikit-learn
2024-07-01,11705.899607323568,22.83404155298299,scikit-learn/scikit-learn
2024-07-02,11732.932384208996,27.03277688542735,scikit-learn/scikit-learn
2024-07-03,11752.856884382521,19.924500173525914,scikit-learn/scikit-learn
2024-07-04,11777.832134314172,24.975249931650175,scikit-learn/scikit-learn
2024-07-05,11801.046958240167,23.214823925994256,scikit-learn/scikit-learn
2024-07-06,11827.363791863922,26.316833623753773,scikit-learn/scikit-learn
2024-07-07,11848.348414657608,20.98462279368597,scikit-learn/scikit-learn
2024-07-08,11875.197550631032,26.849135973422623,scikit-learn/scikit-learn
2024-07-09,11896.573130592626,21.375579961593786,scikit-learn/scikit-learn
2024-07-10,11917.40253030623,20.82939971360379,scikit-learn/scikit-learn
2024-07-11,11938.64292434204,21.24039403581064,scikit-learn/scikit-learn
2024-07-12,11965.949322346682,27.30639800464112,scikit-learn/scikit-learn
2024-07-13,11983.022402801786,17.07308045510466,scikit-learn/scikit-learn
2024-07-14,12004.270243173187,21.247840371401413,scikit-learn/scikit-learn
2024-07-15,12043.934940064872,39.66469689168548,scikit-learn/scikit-learn
2024-07-16,12074.779851573116,30.844911508243356,scikit-learn/scikit-learn
2024-07-17,12096.850580490183,22.070728917067317,scikit-learn/scikit-learn
2024-07-18,12130.142392956228,33.291812466043794,scikit-learn/scikit-learn
2024-07-19,12151.627260364867,21.484867408638983,scikit-learn/scikit-learn
2024-07-20,12159.240390989371,7.613130624503496,scikit-learn/scikit-learn
2024-07-21,12172.913195140069,13.67280415069799,scikit-learn/scikit-learn
2024-07-22,12183.66723598819,10.75404084812238,scikit-learn/scikit-learn
2024-07-23,12205.600835614036,21.933599625844703,scikit-learn/scikit-learn
2024-07-24,12230.264940052677,24.66410443864165,scikit-learn/scikit-learn
2024-07-25,12267.143703872667,36.87876381998942,scikit-learn/scikit-learn
2024-07-26,12294.09846773861,26.95476386594278,scikit-learn/scikit-learn
2024-07-27,12312.452419019171,18.353951280562644,scikit-learn/scikit-learn
2024-07-28,12336.995137902748,24.542718883576654,scikit-learn/scikit-learn
2024-07-29,12345.268613938892,8.273476036143903,scikit-learn/scikit-learn
2024-07-30,12371.590907066862,26.32229312797152,scikit-learn/scikit-learn
2024-07-31,12401.872371550096,30.28146448323417,scikit-learn/scikit-learn
2024-08-01,12415.562206527276,13.68983497717965,scikit-learn/scikit-learn
2024-08-02,12448.62001704919,33.05781052191406,scikit-learn/scikit-learn
2024-08-03,12470.317833872694,21.697816823503803,scikit-learn/scikit-learn
2024-08-04,12487.56789154038,17.250057667686665,scikit-learn/scikit-learn
2024-08-05,12516.886195422523,29.318303882141695,scikit-learn/scikit-learn
2024-08-06,12558.328001516507,41.44180609398497,scikit-learn/scikit-learn
2024-08-07,12584.332800872682,26.004799356174722,scikit-learn/scikit-learn
2024-08-08,12610.838545711662,26.505744838980476,scikit-learn/scikit-learn
2024-08-09,12632.115826157733,21.277280446071394,scikit-learn/scikit-learn
2024-08-10,12646.83050343606,14.714677278327612,scikit-learn/scikit-learn
2024-08-11,12671.50962631684,24.67912288077949,scikit-learn/scikit-learn
2024-08-12,12689.870708396626,18.36108207978617,scikit-learn/scikit-learn
2024-08-13,12715.117013625177,25.246305228550867,scikit-learn/scikit-learn
2024-08-14,12736.299036698798,21.18202307362171,scikit-learn/scikit-learn
2024-08-15,12764.587678148464,28.28864144966648,scikit-learn/scikit-learn
2024-08-16,12791.80835333218,27.22067518371596,scikit-learn/scikit-learn
2024-08-17,12817.774752350024,25.966399017844093,scikit-learn/scikit-learn
2024-08-18,12834.5538323505,16.779080000476355,scikit-learn/scikit-learn
2024-08-19,12857.320292642298,22.766460291797678,scikit-learn/scikit-learn
2024-08-20,12874.825209868714,17.504917226415863,scikit-learn/scikit-learn
2024-08-21,12896.311779848975,21.486569980261603,scikit-learn/scikit-learn
2024-08-22,12923.919250946876,27.60747109790134,scikit-learn/scikit-learn
2024-08-23,12954.363202360566,30.443951413690655,scikit-learn/scikit-learn
2024-08-24,12968.72556829695,14.362365936383704,scikit-learn/scikit-learn
2024-08-25,12993.770314127429,25.0447458304791,scikit-learn/scikit-learn
2024-08-26,13028.709766491715,34.93945236428635,scikit-learn/scikit-learn
2024-08-27,13056.639086328938,27.92931983722255,scikit-learn/scikit-learn
2024-08-28,13095.491411841484,38.85232551254592,scikit-learn/scikit-learn
2024-08-29,13114.58537820837,19.09396636688609,scikit-learn/scikit-learn
2024-08-30,13130.17265166849,15.587273460119723,scikit-learn/scikit-learn
2024-08-31,13139.457521883125,9.28487021463522,scikit-learn/scikit-learn
2024-09-01,13168.31176500888,28.85424312575536,scikit-learn/scikit-learn
2024-09-02,13198.104879204964,29.79311419608412,scikit-learn/scikit-learn
2024-09-03,13222.603079572527,24.4982003675634,scikit-learn/scikit-learn
2024-09-04,13249.619499037984,27.016419465456984,scikit-learn/scikit-learn
2024-09-05,13266.133677556742,16.514178518756463,scikit-learn/scikit-learn
2024-09-06,13309.376361444747,43.24268388800583,scikit-learn/scikit-learn
2024-09-07,13330.111414097013,20.735052652266237,scikit-learn/scikit-learn
2024-09-08,13350.73557323766,20.62415914064776,scikit-learn/scikit-learn
2024-09-09,13381.142902931035,30.407329693374088,scikit-learn/scikit-learn
2024-09-10,13409.727576152043,28.584673221009155,scikit-learn/scikit-learn
2024-09-11,13436.395483695369,26.667907543325164,scikit-learn/scikit-learn
2024-09-12,13455.466146932093,19.070663236724236,scikit-learn/scikit-learn
2024-09-13,13484.011838235509,28.545691303415445,scikit-learn/scikit-learn
2024-09-14,13515.32649369263,31.314655457121788,scikit-learn/scikit-learn
2024-09-15,13543.429881797403,28.10338810477245,scikit-learn/scikit-learn
2024-09-16,13580.433465586211,37.00358378880754,scikit-learn/scikit-learn
2024-09-17,13601.638728296059,21.205262709847418,scikit-learn/scikit-learn
2024-09-18,13619.256088962316,17.617360666258204,scikit-learn/scikit-learn
2024-09-19,13643.375766190773,24.119677228456638,scikit-learn/scikit-learn
2024-09-20,13668.87003588926,25.494269698487745,scikit-learn/scikit-learn
2024-09-21,13695.525088133201,26.65505224394052,scikit-learn/scikit-learn
2024-09-22,13705.407372866202,9.882284733001631,scikit-learn/scikit-learn
2024-09-23,13742.03024693186,36.62287406565627,scikit-learn/scikit-learn
2024-09-24,13765.953034694669,23.92278776280917,scikit-learn/scikit-learn
2024-09-25,13787.858462543358,21.90542784868951,scikit-learn/scikit-learn
2024-09-26,13805.359811578839,17.50134903548187,scikit-learn/scikit-learn
2024-09-27,13818.01981589608,12.660004317240578,scikit-learn/scikit-learn
2024-09-28,13843.10987755111,25.090061655030503,scikit-learn/scikit-learn
2024-09-29,13863.681389726551,20.571512175441477,scikit-learn/scikit-learn
2024-09-30,13879.111217505411,15.429827778860401,scikit-learn/scikit-learn
2024-10-01,13894.508248071674,15.397030566262432,scikit-learn/scikit-learn
2024-10-02,13917.160416790814,22.652168719139627,scikit-learn/scikit-learn
2024-10-03,13954.977066153544,37.81664936272981,scikit-learn/scikit-learn
2024-10-04,13978.222676816238,23.245610662694766,scikit-learn/scikit-learn
2024-10-05,13989.299744428585,11.077067612347351,scikit-learn/scikit-learn
2024-10-06,14007.99421637591,18.694471947324615,scikit-learn/scikit-learn
2024-10-07,14031.166909576512,23.172693200602026,scikit-learn/scikit-learn
2024-10-08,14035.987448405216,4.8205388287033895,scikit-learn/scikit-learn
2024-10-09,14060.832795308677,24.84534690346201,scikit-learn/scikit-learn
2024-10-10,14084.348672216878,23.515876908200344,scikit-learn/scikit-learn
2024-10-11,14114.903792191586,30.555119974707928,scikit-learn/scikit-learn
2024-10-12,14146.352673874675,31.44888168308949,scikit-learn/scikit-learn
2024-10-13,14173.427988023906,27.075314149231193,scikit-learn/scikit-learn
2024-10-14,14196.691503116383,23.263515092476574,scikit-learn/scikit-learn
2024-10-15,14213.602578189011,16.911075072628186,scikit-learn/scikit-learn
2024-10-16,14258.47690706093,44.87432887191885,scikit-learn/scikit-learn
2024-10-17,14284.260595298161,25.78368823722984,scikit-learn/scikit-learn
2024-10-18,14309.709749124911,25.44915382675088,scikit-learn/scikit-learn
2024-10-19,14329.845259582034,20.135510457123775,scikit-learn/scikit-learn
2024-10-20,14351.341013639738,21.495754057704254,scikit-learn/scikit-learn
2024-10-21,14375.614345397496,24.27333175775892,scikit-learn/scikit-learn
2024-10-22,14396.627967695182,21.01362229768549,scikit-learn/scikit-learn
2024-10-23,14417.853745687624,21.22577799244263,scikit-learn/scikit-learn
2024-10-24,14443.005242385085,25.151496697460914,scikit-learn/scikit-learn
2024-10-25,14464.27333447461,21.26809208952607,scikit-learn/scikit-learn
2024-10-26,14480.260653845593,15.987319370982782,scikit-learn/scikit-learn
2024-10-27,14501.254264666008,20.993610820415444,scikit-learn/scikit-learn
2024-10-28,14524.748019005894,23.493754339885847,scikit-learn/scikit-learn
2024-10-29,14561.680114524237,36.93209551834365,scikit-learn/scikit-learn
2024-10-30,14566.891814051465,5.211699527228205,scikit-learn/scikit-learn
2024-10-31,14600.700333725548,33.80851967408256,scikit-learn/scikit-learn
2024-11-01,14635.703223710085,35.002889984536246,scikit-learn/scikit-learn
2024-11-02,14643.41047442351,7.707250713426099,scikit-learn/scikit-learn
2024-11-03,14661.711630531288,18.301156107778933,scikit-learn/scikit-learn
2024-11-04,14684.376741785045,22.665111253755946,scikit-learn/scikit-learn
2024-11-05,14699.119190669026,14.742448883981227,scikit-learn/scikit-learn
2024-11-06,14718.68948165768,19.570290988655472,scikit-learn/scikit-learn
2024-11-07,14735.717952558629,17.02847090094783,scikit-learn/scikit-learn
2024-11-08,14774.69339833726,38.975445778630394,scikit-learn/scikit-learn
2024-11-09,14800.877091649116,26.18369331185656,scikit-learn/scikit-learn
2024-11-10,14829.131594518989,28.25450286987299,scikit-learn/scikit-learn
2024-11-11,14953.58162283446,124.45002831547042,scikit-learn/scikit-learn
2024-11-12,14995.879215351419,42.297592516959895,scikit-learn/scikit-learn
2024-11-13,15033.622045138029,37.74282978661057,scikit-learn/scikit-learn
2024-11-14,15073.997031170267,40.374986032239505,scikit-learn/scikit-learn
2024-11-15,15093.261973176262,19.2649420059958,scikit-learn/scikit-learn
2024-11-16,15120.478839222415,27.216866046151374,scikit-learn/scikit-learn
2024-11-17,15139.507341051847,19.02850182943259,scikit-learn/scikit-learn
2024-11-18,15162.267326918685,22.75998586683731,scikit-learn/scikit-learn
2024-11-19,15193.3921019007,31.124774982013374,scikit-learn/scikit-learn
2024-11-20,15222.475433888369,29.08333198766885,scikit-learn/scikit-learn
2024-11-21,15245.368082009032,22.89264812066425,scikit-learn/scikit-learn
2024-11-22,15279.982930417076,34.61484840804364,scikit-learn/scikit-learn
2024-11-23,15293.8707484891,13.88781807202305,scikit-learn/scikit-learn
2024-11-24,15318.231757683046,24.361009193946412,scikit-learn/scikit-learn
2024-11-25,15348.51845705408,30.28669937103408,scikit-learn/scikit-learn
2024-11-26,15371.851412968726,23.33295591464617,scikit-learn/scikit-learn
2024-11-27,15400.100299839096,28.24888687036929,scikit-learn/scikit-learn
2024-11-28,15416.17989625674,16.079596417645412,scikit-learn/scikit-learn
2024-11-29,15449.069148011566,32.88925175482559,scikit-learn/scikit-learn
2024-11-30,15468.534523082868,19.465375071302265,scikit-learn/scikit-learn
2024-12-01,15485.917902339856,17.383379256987435,scikit-learn/scikit-learn
2024-12-02,15519.811284305366,33.89338196550946,scikit-learn/scikit-learn
2024-12-03,15540.151823406539,20.340539101172638,scikit-learn/scikit-learn
2024-12-04,15555.050251460612,14.898428054072838,scikit-learn/scikit-learn
2024-12-05,15568.807092033578,13.756840572965299,scikit-learn/scikit-learn
2024-12-06,15599.320619307571,30.5135272739941,scikit-learn/scikit-learn
2024-12-07,15612.046627840758,12.726008533188091,scikit-learn/scikit-learn
2024-12-08,15643.600056726422,31.553428885663156,scikit-learn/scikit-learn
2024-12-09,15653.304287153584,9.704230427162429,scikit-learn/scikit-learn
2024-12-10,15692.32349203399,39.01920488040558,scikit-learn/scikit-learn
2024-12-11,15719.82967249209,27.506180458100467,scikit-learn/scikit-learn
2024-12-12,15744.95723327281,25.1275607807202,scikit-learn/scikit-learn
2024-12-13,15766.613364905115,21.656131632305403,scikit-learn/scikit-learn
2024-12-14,15789.812662641114,23.199297735998094,scikit-learn/scikit-learn
2024-12-15,15810.304979821001,20.49231717988691,scikit-learn/scikit-learn
2024-12-16,15844.801263714753,34.49628389375247,scikit-learn/scikit-learn
2024-12-17,15871.61735952999,26.81609581523689,scikit-learn/scikit-learn
2024-12-18,15898.724346650033,27.10698712004284,scikit-learn/scikit-learn
2024-12-19,15921.841228889973,23.116882239939763,scikit-learn/scikit-learn
2024-12-20,15947.354954561668,25.513725671695262,scikit-learn/scikit-learn
2024-12-21,15970.046829140374,22.691874578706,scikit-learn/scikit-learn
2024-12-22,15980.16637994772,10.11955080734502,scikit-learn/scikit-learn
2024-12-23,15995.642655948786,15.476276001066475,scikit-learn/scikit-learn
2024-12-24,16027.436015517515,31.79335956872747,scikit-learn/scikit-learn
2024-12-25,16054.77562641191,27.339610894395893,scikit-learn/scikit-learn
2024-12-26,16079.356059163196,24.580432751284317,scikit-learn/scikit-learn
2024-12-27,16105.526283929205,26.17022476600935,scikit-learn/scikit-learn
2024-12-28,16128.52716001399,23.000876084784625,scikit-learn/scikit-learn
2024-12-29,16145.989953236574,17.46279322258528,scikit-learn/scikit-learn
2024-12-30,16165.96208240595,19.97212916937433,scikit-learn/scikit-learn
